Accuracy	Sensitivity	Specificity	AUC	Applied_Threshold
0.976190476190476	0.954545454545455	0.983870967741935	0.99633431085044	0.394516274333
