sample_id	predicted_probability
TW688	0.581824481487274
TW689	0.0794869959354401
TW695	0.112323150038719
TW699	0.0794869959354401
TW701	0.0564325712621212
TW703	0.0507564917206764
TW708	0.0564325712621212
TW709	0.207208067178726
TW710	0.0507564917206764
TW714	0.692014813423157
TW722	0.0660979598760605
TW728	0.0507564917206764
TW738	0.0596254095435143
TW739	0.0703517198562622
TW743	0.613564193248749
TW745	0.0794869959354401
