Accuracy	Sensitivity	Precision	F1	Specificity	AUC	Best_Threshold
0.9818181818181818	0.9772727272727273	1.0	0.9885057471264368	1.0	1.0	0.7614173293113708
