Param	Value
booster	gbtree
objective	binary:logistic
eval_metric	auc
eta	0.251310658175498
max_depth	5
subsample	0.916881947172806
colsample_bytree	0.8559293277096
min_child_weight	2
gamma	2.85942563670687
alpha	0.288907192880288
lambda	1.63417762960307
