sample_id	predicted_probability
cancer0044PLATE003	0.663935780525208
control0063PLATE003	0.306998580694199
control0056PLATE003	0.431195795536041
control0099PLATE003	0.241239070892334
cancer0080PLATE002	0.508154988288879
cancer0032PLATE002	0.772275149822235
cancer0068PLATE002	0.708785712718964
cancer0092PLATE002	0.863815665245056
control0051PLATE003	0.189548775553703
control0051PLATE004	0.189548775553703
