sample_id	predicted_probability
cancer0075PLATE002	0.711267590522766
control0075PLATE003	0.330229490995407
