Accuracy	Sensitivity	Precision	F1	Specificity	AUC	Best_Threshold
0.9891304347826086	0.9841269841269841	1.0	0.9919999999999999	1.0	1.0	0.6934514045715332
